pmid;23673467;LastName;Reitz;FirstName;C;Initials;C;Affiliation;The Taub Institute for Research on Alzheimer's Disease and the Aging Brain, Columbia University, New York, NY, USA.;University;Columbia;State;NY;City;New York;
pmid;20861518;LastName;Franco;FirstName;Maribel;Initials;M;Affiliation;CIC Biogune, Bizkaia Teknologi Parkea, 48160 Derio, Spain.;University;CIC Biogune;State;Spain;City;Derio;
pmid;21471273;LastName;McEvoy;FirstName;Linda K;Initials;LK;Affiliation;Department of Radiology, University of California, San Diego, 9500 Gilman Dr, La Jolla, CA 92093, USA. lkmcevoy@ucsd.edu;University;UCSD;State;CA;City;San Diego;
pmid;19948006;LastName;Boname;FirstName;Jessica M;Initials;JM;Affiliation;School of Clinical Medicine, Cambridge Institute for Medical Research, University of Cambridge, Cambridge, CB2 0XY, UK.;University;University of Cambridge;State;UK;City;Cambridge;
pmid;22883210;LastName;Hammerschmidt;FirstName;Thea;Initials;T;Affiliation;Department of Neurology, Clinical Neurosciences, University of Bonn, Bonn, Germany.;University;University of Bonn;State;Germany;City;Bonn;
pmid;21370264;LastName;Xiao;FirstName;Jianfeng;Initials;J;Affiliation;Department of Neurology, University of Tennessee Health Science Center, Memphis, Tennessee 38163, USA.;University;University of Tennessee;State;TN;City;Memphis;
pmid;19996185;LastName;Holland;FirstName;Dominic;Initials;D;Affiliation;Department of Neurosciences, University of California at San Diego, 9500 Gilman Drive, La Jolla, CA 92093, USA. dominic.holland@gmail.com;University;UCSD;State;CA;City;San Diego;
pmid;2236803;LastName;Aranda;FirstName;J;Initials;J;Affiliation;Servicios de Cardiología, Hospital General Universitario de Valencia.;University;Hospital General Universitario de Valencia;State;;City;;
pmid;20937087;LastName;Vieira;FirstName;Sandra I;Initials;SI;Affiliation;Neuroscience, Centre for Cell Biology, Health Sciences Department SACS, University of Aveiro, Aveiro 3810, Portugal. odetecs@ua.pt.;University;University of Aveiro;State;Portugal;City;Aveiro;
pmid;20886222;LastName;Armstrong;FirstName;Richard A;Initials;RA;Affiliation;Aston University, Birmingham, UK. R.A.Armstrong@aston.ac.uk;University;Aston University;State;UK;City;Birmingham;
pmid;19690877;LastName;Rosen;FirstName;Rebecca F;Initials;RF;Affiliation;Yerkes National Primate Research Center, Emory University, Atlanta, GA 30329, USA. rfrosen@emory.edu;University;Emory University;State;GA;City;Atlanta;
pmid;19071211;LastName;Du;FirstName;Yifeng;Initials;Y;Affiliation;Cellular and Molecular Biosciences Program, Department of Biological Sciences, Auburn University, AL 38849, USA.;University;Auburn University;State;AL;City;Auburn;
pmid;23460879;LastName;Hu;FirstName;William T;Initials;WT;Affiliation;Department of Neurology, Emory University School of Medicine, Atlanta, Georgia, United States of America. william.hu@emory.edu;University;Emory University;State;GA;City;Atlanta;
pmid;24022672;LastName;Zhang;FirstName;Zhentao;Initials;Z;Affiliation;1] Department of Pathology and Laboratory Medicine, Emory University School of Medicine, Atlanta, GA, USA [2] Department of Neurology, Renmin Hospital of Wuhan University, Wuhan, China.;University;Emory University;State;GA;City;Atlanta;
pmid;24022672;LastName;Liu;FirstName;Xia;Initials;X;Affiliation;Department of Pathology and Laboratory Medicine, Emory University School of Medicine, Atlanta, GA, USA.;University;Emory University;State;GA;City;Atlanta;
pmid;24022672;LastName;Schroeder;FirstName;Jason P;Initials;JP;Affiliation;Department of Human Genetics, Emory University School of Medicine, Atlanta, GA, USA.;University;Emory University;State;GA;City;Atlanta;
pmid;24022672;LastName;Chan;FirstName;Chi-Bun;Initials;CB;Affiliation;Department of Pathology and Laboratory Medicine, Emory University School of Medicine, Atlanta, GA, USA.;University;Emory University;State;GA;City;Atlanta;
pmid;24022672;LastName;Song;FirstName;Mingke;Initials;M;Affiliation;Department of Anesthesiology, Emory University School of Medicine, Atlanta, GA, USA.;University;Emory University;State;GA;City;Atlanta;
pmid;24022672;LastName;Yu;FirstName;Shan Ping;Initials;SP;Affiliation;Department of Anesthesiology, Emory University School of Medicine, Atlanta, GA, USA.;University;Emory University;State;GA;City;Atlanta;
pmid;24022672;LastName;Weinshenker;FirstName;David;Initials;D;Affiliation;Department of Human Genetics, Emory University School of Medicine, Atlanta, GA, USA.;University;Emory University;State;GA;City;Atlanta;
pmid;24022672;LastName;Ye;FirstName;Keqiang;Initials;K;Affiliation;Department of Pathology and Laboratory Medicine, Emory University School of Medicine, Atlanta, GA, USA.;University;Emory University;State;GA;City;Atlanta;
pmid;22718532;LastName;Herskowitz;FirstName;Jeremy H;Initials;JH;Affiliation;Department of Neurology, Center for Neurodegenerative Diseases, Emory University School of Medicine, Atlanta, GA 30322, USA.;University;Emory University;State;GA;City;Atlanta;
pmid;19182806;LastName;Stefansson;FirstName;Hreinn;Initials;H;Affiliation;deCODE genetics, Sturlugata 8, IS-101 Reykjavík, Iceland.;University;deCODE genetics;State;Iceland;City;Reykjavik;
pmid;23117489;LastName;Boylan;FirstName;Kevin B;Initials;KB;Affiliation;Department of Neurology, Mayo Clinic, Jacksonville, FL 32224, USA. boylan.kevin@mayo.edu;University;Mayo Clinic;State;FL;City;Jacksonville;
pmid;23150908;LastName;Jonsson;FirstName;Thorlakur;Initials;T;Affiliation;deCODE Genetics, Reykjavik, Iceland.;University;deCODE Genetics;State;Iceland;City;Reykjavik;
pmid;20881129;LastName;Lane;FirstName;Rachel F;Initials;RF;Affiliation;Department of Neurology and Alzheimer's Disease Research Center, Mount Sinai School of Medicine, New York, New York 10029, USA.;University;Mount Sinia School of Medicine;State;NY;City;New York;
pmid;2223185;LastName;Tayama;FirstName;M;Initials;M;Affiliation;Department of Pediatrics, Tokushima University School of Medicine.;University;Tokushima University School of Medicine;State;Japan;City;Tokushima;
pmid;19812327;LastName;Jutras;FirstName;Michael J;Initials;MJ;Affiliation;Yerkes National Primate Research Center, Atlanta, GA 30329, USA.;University;Emory University;State;GA;City;Atlanta;
pmid;22265236;LastName;Greenaway;FirstName;Melanie C;Initials;MC;Affiliation;Emory University School of Medicine, Atlanta, GA, USA. mcgree3@emory.edu;University;Emory University;State;GA;City;Atlanta;
pmid;23197718;LastName;Hong;FirstName;Yi;Initials;Y;Affiliation;Department of Pathology and Laboratory Medicine, Emory University School of Medicine, Atlanta, Georgia 30322, USA.;University;Emory University;State;GA;City;Atlanta;
pmid;24442578;LastName;Gallagher;FirstName;Michael D;Initials;MD;Affiliation;Cell and Molecular Biology Graduate Group, Perelman School of Medicine, University of Pennsylvania, Philadelphia, PA, USA.;University;University of Pennsylvania;State;PA;City;Philadelphia;
pmid;19279272;LastName;Wang;FirstName;L;Initials;L;Affiliation;Department of Radiology, Emory University School of Medicine, Atlanta, Ga 30322, USA.;University;Emory University;State;GA;City;Atlanta;
pmid;22022397;LastName;Wolz;FirstName;Robin;Initials;R;Affiliation;Biomedical Image Analysis Group, Department of Computing, Imperial College London, London, United Kingdom.;University;Imperial College of London;State;UK;City;London;
pmid;23271330;LastName;Zola;FirstName;Stuart M;Initials;SM;Affiliation;Yerkes National Primate Research Center, Emory University, Atlanta, GA 30329, USA. szola@rmy.emory.edu;University;Emory University;State;GA;City;Atlanta;
pmid;23318928;LastName;Pranski;FirstName;Elaine L;Initials;EL;Affiliation;Department of Neurology, Emory University School of Medicine, Atlanta, GA 30322, USA. epranski@gmail.com;University;Emory University;State;GA;City;Atlanta;
pmid;23571587;LastName;Reitz;FirstName;Christiane;Initials;C;Affiliation;Taub Institute for Research on Alzheimer's Disease and the Aging Brain, Gertrude H. Sergievsky Center, Columbia University, 630 W 168th St, New York, NY 10032, USA.;University;Columbia University;State;NY;City;New York;
pmid;22309832;LastName;Tan;FirstName;Huiping;Initials;H;Affiliation;Department of Human Genetics, Emory University School of Medicine, Atlanta, GA 30322, USA.;University;Emory University;State;GA;City;Atlanta;
pmid;21147781;LastName;Herskowitz;FirstName;Jeremy H;Initials;JH;Affiliation;Department of Neurology, the Center for Neurodegenerative Diseases, Emory University School of Medicine, Atlanta, Georgia 30322, USA.;University;Emory University;State;GA;City;Atlanta;
pmid;21147074;LastName;McMillan;FirstName;Pamela J;Initials;PJ;Affiliation;Northwest Network for Mental Illness, Veterans Administration Puget Sound Health Care System, Seattle, Washington 98108, USA.;University;Veterans Administration Puget Sound Health Care System;State;WA;City;Seattle;
pmid;23599928;LastName;Walker;FirstName;Lary C;Initials;LC;Affiliation;Yerkes National Primate Research Center, Department of Neurology, Emory University, 954 Gatewood Rd NE, Atlanta,GA 30329, USA. lary.walker@emory.edu;University;Emory University;State;GA;City;Atlanta;
pmid;21460841;LastName;Naj;FirstName;Adam C;Initials;AC;Affiliation;The John P. Hussman Institute for Human Genomics, University of Miami, Miami, Florida, USA.;University;University of Miami;State;FL;City;Miami;
pmid;22416763;LastName;Seyfried;FirstName;Nicholas T;Initials;NT;Affiliation;Department of Biochemistry, Center for Neurodegenerative Disease, School of Medicine, Emory University, Atlanta, Georgia 30322, USA. nseyfri@emory.edu;University;Emory University;State;GA;City;Atlanta;
pmid;21131674;LastName;Lewis;FirstName;Marsha L;Initials;ML;Affiliation;Nell Hodgson Woodruff School of Nursing, Atlanta, GA, USA. marsha.lewis@emory.edu;University;Emory University;State;GA;City;Atlanta;
pmid;20884673;LastName;Factor;FirstName;Stewart A;Initials;SA;Affiliation;Emory University School of Medicine, Department of Neurology, 1841 Clifton Road NE, Atlanta, GA 30329, USA. sfactor@emory.edu;University;Emory University;State;GA;City;Atlanta;
pmid;20641005;LastName;Gandy;FirstName;Sam;Initials;S;Affiliation;Department of Neurology, Mount Sinai School of Medicine, New York, NY 10029, USA. samuel.gandy@mssm.edu;University;Mount Sinai School of Medicine;State;NY;City;New York;
pmid;20698585;LastName;Zhou;FirstName;Jian-Ying;Initials;JY;Affiliation;Department of Human Genetics, Emory University School of Medicine, Atlanta, Georgia 30322, USA.;University;Emory University;State;GA;City;Atlanta;
pmid;22431618;LastName;Brotherton;FirstName;Terrell E;Initials;TE;Affiliation;Department of Neurology, Emory University, Atlanta, GA 30322, USA.;University;Emory University;State;GA;City;Atlanta;
pmid;22926189;LastName;Brotherton;FirstName;Terrell E;Initials;TE;Affiliation;Department of Neurology, Emory University, Atlanta, GA 30322, USA.;University;Emory University;State;GA;City;Atlanta;
pmid;20418805;LastName;Rosen;FirstName;Rebecca F;Initials;RF;Affiliation;Yerkes National Primate Research Center, Emory University.;University;Emory University;State;GA;City;Atlanta;
pmid;21714002;LastName;Factor;FirstName;Stewart A;Initials;SA;Affiliation;Department of Neurology, Emory University School of Medicine, 1841 Clifton Road NE, Atlanta, GA 30329, USA. sfactor@emory.edu;University;Emory University;State;GA;City;Atlanta;
pmid;24165455;LastName;Rui;FirstName;Yanfang;Initials;Y;Affiliation;1] Department of Cell Biology and Neurology, Emory University School of Medicine, Atlanta, Georgia 30322, USA [2] Center for Neurodegenerative Diseases, Emory University School of Medicine, Atlanta, Georgia 30322, USA.;University;Emory University;State;GA;City;Atlanta;
pmid;21670386;LastName;Lo;FirstName;Raymond Y;Initials;RY;Affiliation;Division of Epidemiology, University of California, Berkeley, 94720-3190, USA. rlo@berkeley.edu;University;University of California, Berkeley;State;CA;City;Berkeley;
pmid;24244562;LastName;Ridge;FirstName;Perry G;Initials;PG;Affiliation;Department of Biology, Brigham Young University, Provo, Utah, United States of America , ARUP Institute for Clinical and Experimental Pathology, Salt Lake City, Utah, United States of America.;University;Brigham Young University;State;UT;City;Provo;
pmid;20625168;LastName;Campbell;FirstName;N L;Initials;NL;Affiliation;Wishard Health Services, Indianapolis, IN 46202-2872, USA. noll.campbell@wishard.edu;University;Wishard Health Services;State;IN;City;Indianapolois;
pmid;19668025;LastName;Mount;FirstName;David L;Initials;DL;Affiliation;Department of Internal Medicine, Section on General Internal Medicine, and the Maya Angelou Center on Health Equity, and Hypertension and Vascular Center Wake Forest University Health Science, Winston-Salem, NC 27157, USA. dmount@wfubmc.edu;University;Wake Forest University;State;NC;City;Winston-Salem;
pmid;23685628;LastName;Wang;FirstName;Tao;Initials;T;Affiliation;Department of Human Genetics, Emory University School of Medicine, Atlanta, Georgia 30322, USA.;University;Emory University;State;GA;City;Atlanta;
pmid;21911656;LastName;Wingo;FirstName;Thomas S;Initials;TS;Affiliation;Veterans Affairs Medical Center, Emory University School of Medicine, Atlanta, Georgia. thomas.wingo@emory.edu;University;Emory University;State;GA;City;Atlanta;
pmid;21998317;LastName;Heister;FirstName;D;Initials;D;Affiliation;Department of Radiology, University of California, San Diego, La Jolla, CA 92093-0841, USA.;University;UCSD;State;GA;City;Atlanta;
pmid;19569651;LastName;Childers;FirstName;W Seth;Initials;WS;Affiliation;Center for Fundamental and Applied Molecular Evolution, and Department of Chemistry and Biology, Emory University, Atlanta, Georgia 30322, USA.;University;Emory University;State;GA;City;Atlanta;
pmid;22556362;LastName;Coppola;FirstName;Giovanni;Initials;G;Affiliation;Department of Neurology, University of California, Los Angeles, CA, USA.;University;UCLA;State;CA;City;Los Angeles;
pmid;20018683;LastName;Jutras;FirstName;Michael J;Initials;MJ;Affiliation;Yerkes National Primate Research Center, Atlanta, GA 30329, USA.;University;Emory University;State;GA;City;Atlanta;
pmid;23602153;LastName;Song;FirstName;Chun-Xiao;Initials;CX;Affiliation;Department of Chemistry and Institute for Biophysical Dynamics, University of Chicago, Chicago, IL 60637, USA.;University;University of Chicago;State;IL;City;Chicago;
pmid;24252572;LastName;Stutzbach;FirstName;Lauren D;Initials;LD;Affiliation;Department of Pathology and Laboratory Medicine, 3630 Hamilton Walk, Perelman School of Medicine, University of Pennsylvania, Philadelphia, PA 19104, USA. gerardsc@mail.med.upenn.edu.;University;University of Pennsylvania;State;PA;City;Philadelphia;
pmid;22634524;LastName;Pranski;FirstName;Elaine L;Initials;EL;Affiliation;Department of Neurology, Emory University School of Medicine, Atlanta, GA 30322, United States. epransk@emory.edu;University;Emory University;State;GA;City;Atlanta;
pmid;23878251;LastName;Jutras;FirstName;Michael J;Initials;MJ;Affiliation;Yerkes National Primate Research Center, Atlanta, GA 30329, USA.;University;Emory University;State;GA;City;Atlanta;
pmid;20357515;LastName;Steenland;FirstName;Kyle;Initials;K;Affiliation;Rollins School of Public Health, Emory University, Atlanta, GA 30322, USA. nsteenl@sph.emory.edu;University;Emory University;State;GA;City;Atlanta;
pmid;20012109;LastName;Armstrong;FirstName;Richard A;Initials;RA;Affiliation;Vision Sciences, Aston University, Birmingham B4 7ET, UK. R.A.Armstrong@aston.ac.uk;University;Aston University;State;UK;City;Birmingham;
pmid;23562540;LastName;Cruchaga;FirstName;Carlos;Initials;C;Affiliation;Department of Psychiatry, Washington University School of Medicine, St. Louis, MO 63110, USA.;University;Washington University School of Medicine;State;MO;City;St. Louis;
pmid;22543846;LastName;Steenland;FirstName;Kyle;Initials;K;Affiliation;Department of Environmental and Occupational Health, Rollins School of Public Health, Emory University, Atlanta, GA 30322, USA. nsteenl@emory.edu;University;Emory University;State;GA;City;Atlanta;
pmid;22025277;LastName;Ross;FirstName;Owen A;Initials;OA;Affiliation;Department of Neuroscience, Mayo Clinic College of Medicine, Jacksonville, Florida, USA.;University;Mayo Clinic;State;FL;City;Jacksonville;
pmid;23791866;LastName;Li;FirstName;Yujing;Initials;Y;Affiliation;Department of Human Genetics, Emory University School of Medicine, 615 Michael Street, Suite 301, Atlanta, GA 30322, USA.;University;Emory University;State;GA;City;Atlanta;
pmid;21467255;LastName;Chiang;FirstName;Gloria C;Initials;GC;Affiliation;Department of Radiology, University of California, San Francisco, 505 Parnassus Ave, Room M391, San Francisco, CA, 94143, USA. gloria.chiang@ucsf.edu;University;UCSF;State;CA;City;San Francisco;
pmid;22957617;LastName;Tang;FirstName;Shaojie;Initials;S;Affiliation;Department of Radiology and Imaging Sciences, Emory University School of Medicine, Atlanta, GA, USA.;University;Emory University;State;GA;City;Atlanta;
pmid;24174584;LastName;Hu;FirstName;William T;Initials;WT;Affiliation;From the Department of Neurology (W.T.H., K.W., J.G., J.J.L., C.H., M.S., A.I.L.), Center for Neurodegenerative Diseases Research (W.T.H., K.W., J.G., J.J.L., C.H., A.I.L.), Alzheimer's Disease Research Center (W.T.H., J.G., J.J.L., C.H., A.I.L.), Emory University School of Medicine, Atlanta, GA and Departments of Neurology (M.G.) and Laboratory Medicine and Pathology (V.V.D., J.Q.T.), University of Pennsylvania, Philadelphia.;University;Emory University;State;GA;City;Atlanta;
pmid;20886841;LastName;Herskowitz;FirstName;Jeremy H;Initials;JH;Affiliation;Department of Neurology, the Center for Neurodegenerative Diseases, Laboratory Medicine, and Proteomics Service Center, Emory University School of Medicine, Atlanta, Georgia 30322, United States.;University;Emory University;State;GA;City;Atlanta;
pmid;19054758;LastName;Edbauer;FirstName;Dieter;Initials;D;Affiliation;The Picower Institute for Learning and Memory, Howard Hughes Medical Institute, RIKEN-MIT Neuroscience Research Center, Massachusetts Institute of Technology, Cambridge, Massachusetts 02139, USA.;University;MIT;State;MA;City;Cambridge;
pmid;22110366;LastName;Choi;FirstName;Bo-Ryoung;Initials;BR;Affiliation;Department of Biological Sciences & Center for Geriatric Neuroscience Research, IBST, Konkuk University, Seoul 143-701, Korea.;University;Konkuk University;State;Korea;City;Seoul;
pmid;20047951;LastName;Seyfried;FirstName;Nicholas T;Initials;NT;Affiliation;Department of Human Genetics, School of Medicine, Emory University, Atlanta, Georgia 30322, USA.;University;Emory University;State;GA;City;Atlanta;
pmid;21152911;LastName;Wang;FirstName;Liya;Initials;L;Affiliation;Department of Radiology, Emory University School of Medicine, 1364 Clifton Road, Atlanta, GA 30329, USA.;University;Emory University;State;GA;City;Atlanta;
pmid;21917762;LastName;Fleisher;FirstName;A S;Initials;AS;Affiliation;Banner Alzheimer's Institute, 901 E Willetta Street, Phoenix, AZ 85006, USA. Adam.fleisher@bannerhealth.com;University;Banner Alzheimer's Institute;State;AZ;City;Phoenix;
pmid;21123689;LastName;Hue;FirstName;Gillian;Initials;G;Affiliation;Center for Ethics, Emory University, Atlanta, GA 30322, USA.;University;Emory University;State;GA;City;Atlanta;
pmid;22621900;LastName;Herskowitz;FirstName;Jeremy H;Initials;JH;Affiliation;Center for Neurodegenerative Disease, Department of Neurology, Emory University School of Medicine, Atlanta, GA 30322, USA.;University;Emory University;State;GA;City;Atlanta;
pmid;20335454;LastName;Davis;FirstName;Albert A;Initials;AA;Affiliation;Center for Neurodegenerative Disease and Department of Neurology, Emory University School of Medicine, Atlanta, Georgia 30322, USA.;University;Emory University;State;GA;City;Atlanta;
pmid;21855799;LastName;Scaglione;FirstName;K Matthew;Initials;KM;Affiliation;Department of Neurology, University of Michigan, Ann Arbor, MI 48109, USA. kscaglio@umich.edu;University;University of Michigan;State;MI;City;Ann Arbor;
pmid;21577247;LastName;Gozal;FirstName;Yair M;Initials;YM;Affiliation;Department of Neurology, School of Medicine, Emory University , Atlanta, GA, USA.;University;Emory University;State;GA;City;Atlanta;
pmid;20463401;LastName;Horowitz;FirstName;Maxx P;Initials;MP;Affiliation;Medical Scientist Training Program, University of Pittsburgh, Pittsburgh, PA, USA.;University;University of Pittsburgh;State;PA;City;Pittsburgh;
pmid;20425875;LastName;Childers;FirstName;W Seth;Initials;WS;Affiliation;Department of Chemistry and Biology, Emory University, 1515 Dickey Drive, Atlanta, GA 30332, USA.;University;Emory University;State;GA;City;Atlanta;
pmid;21603978;LastName;Page;FirstName;Tristan;Initials;T;Affiliation;Electron Microscope Division, Sussex Centre for Advanced Microscopy, John Maynard-Smith Building, School of Life Sciences, University of Sussex, Falmer, Brighton, BN1 9QG, East Sussex, UK.;University;University of Sussex;State;UK;City;East Sussex;
pmid;24305806;LastName;Herskowitz;FirstName;Jeremy H;Initials;JH;Affiliation;Center for Neurodegenerative Disease, and Departments of Neurology, Cell Biology, and Biochemistry, Emory University School of Medicine, Atlanta, Georgia 30322, Medicinal Chemistry, Translational Research Institute, The Scripps Research Institute, Jupiter, Florida 33458, Department of Pathology, University of Washington, Seattle, Washington 98104, Departments of Pathology and Neurology, Johns Hopkins School of Medicine, Baltimore, Maryland 21205, and Unit of Clinical and Translational Neuroscience and Laboratory of Behavioral Neuroscience, National Institute on Aging, Baltimore, Maryland 21224.;University;Emory University;State;GA;City;Atlanta;
pmid;20144652;LastName;Prior;FirstName;Marguerite;Initials;M;Affiliation;Department of Neurosciences, Lerner Research Institute, The Cleveland Clinic Foundation, Cleveland, OH 44195, USA.;University;The Cleveland Clinic Foundation;State;OH;City;Cleveland;
pmid;21530556;LastName;Hampstead;FirstName;Benjamin M;Initials;BM;Affiliation;Rehabilitation R&D Center of Excellence, Atlanta VAMC, Decatur, GA, USA. bhampst@emory.edu;University;Emory University;State;GA;City;Atlanta;
pmid;21620887;LastName;Richardson;FirstName;Jason R;Initials;JR;Affiliation;Department of Environmental and Occupational Medicine, UMDNJ-Robert Wood Johnson Medical School, Piscataway, NJ 08854, United States. jricha3@eohsi.rutgers.edu;University;UMDNJ;State;NJ;City;Piscataway;
pmid;20369371;LastName;Vilariño-Güell;FirstName;Carles;Initials;C;Affiliation;Department of Neuroscience, Mayo Clinic, 4500 San Pablo Road, Jacksonville, FL 32224, USA.;University;Mayo Clinic;State;FL;City;Jacksonville;
pmid;20935339;LastName;Hampstead;FirstName;Benjamin M;Initials;BM;Affiliation;Rehabilitation R&D Center of Excellence, Atlanta VAMC, Decatur, Georgia, USA.;University;Emory University;State;GA;City;Atlanta;
pmid;23301925;LastName;Goldstein;FirstName;Felicia C;Initials;FC;Affiliation;Department of Neurology, School of Medicine, Emory University, Atlanta, Georgia 30329, USA. fgoldst@emory.edu;University;Emory University;State;GA;City;Atlanta;
pmid;20835371;LastName;Davis;FirstName;Albert A;Initials;AA;Affiliation;Center for Neurodegenerative Disease and Department of Neurology, Emory University School of Medicine, Atlanta, GA 30322.;University;Emory University;State;GA;City;Atlanta;
pmid;22037496;LastName;Szulwach;FirstName;Keith E;Initials;KE;Affiliation;Department of Human Genetics, Emory University School of Medicine, Atlanta, Georgia, USA.;University;Emory University;State;GA;City;Atlanta;
pmid;21554923;LastName;Hu;FirstName;William T;Initials;WT;Affiliation;Department of Neurology, Center for Neurodegenerative Diseases, Emory University, Atlanta, GA 30322, USA. william.hu@emory.edu;University;Emory University;State;GA;City;Atlanta;
pmid;22927900;LastName;Sager;FirstName;Kristen L;Initials;KL;Affiliation;Center for Neurodegenerative Disease, Emory University, Atlanta, Georgia, United States of America.;University;Emory University;State;GA;City;Atlanta;
pmid;20346152;LastName;Rui;FirstName;Yanfang;Initials;Y;Affiliation;Departments of Cell Biology and Neurology, Center for Neurodegenerative Diseases, Emory University School of Medicine, Atlanta, GA 30322, USA.;University;Emory University;State;GA;City;Atlanta;
pmid;24128675;LastName;Hales;FirstName;Chadwick M;Initials;CM;Affiliation;From the Department of Neurology (CMH, HR, AIL, JJL, TSW), Center for Neurodegenerative Disease (CMH, HR, NTS, EBD, DMD, MG, AIL, JJL, TSW), Departments of Biochemistry (NTS) and Human Genetics (EBD, TSW), and Pathology and Laboratory Medicine (MG), Emory University School of Medicine, Atlanta, Georgia, Department of Pathology, University of Washington, Seattle, Washington (TJM), Departments of Pathology and Neurology, Johns Hopkins School of Medicine, Baltimore, Maryland (JCT) National Institute of Aging, National Institutes of Health, Bethesda, Maryland (MT) and Atlanta Veterans Administration Medical Center, Atlanta, Georgia (TSW).;University;Emory University;State;GA;City;Atlanta;
pmid;21685912;LastName;Höglinger;FirstName;Günter U;Initials;GU;Affiliation;Department of Neurology, Philipps-Universität, Marburg, Germany.;University;Philipps-Universität;State;Germany;City;Marburg;
pmid;21429865;LastName;Tosun;FirstName;Duygu;Initials;D;Affiliation;Center for Imaging Neurodegenerative Diseases, Department of Veterans Affairs Medical Centre, 4150 Clement Street, Building 13, 114 M, San Francisco, CA 94121, USA. duygu.tosun@ucsf.edu;University;UCSF;State;CA;City;San Francisco;
pmid;22028219;LastName;Jucker;FirstName;Mathias;Initials;M;Affiliation;Department of Cellular Neurology, Hertie Institute for Clinical Brain Research, University of Tübingen, Tübingen, Germany. mathias.jucker@uni-tuebingen.de;University;University of Tubingen;State;Germany;City;Tubingen;
pmid;21482928;LastName;Chen-Plotkin;FirstName;Alice S;Initials;AS;Affiliation;Center for Neurodegenerative Disease Research, Department of Pathology and Laboratory Medicine, University of Pennsylvania School of Medicine, Philadelphia, 19104, USA. chenplot@mail.med.upenn.edu;University;University of Pennsylvania;State;PA;City;Philadelphia;
pmid;24000778;LastName;Steenland;FirstName;Kyle;Initials;K;Affiliation;Department of Environmental and Occupational Health, School of Public Health, Atlanta, Georgia.;University;Emory University;State;GA;City;Atlanta;
pmid;19859965;LastName;Perez;FirstName;Sylvia E;Initials;SE;Affiliation;Department of Neurological Sciences, Rush University Medical Center, Chicago, Illinois 60612, USA.;University;Rush University;State;IL;City;Chicago;
pmid;20389122;LastName;Steenland;FirstName;Kyle;Initials;K;Affiliation;Department of Environmental and Occupational Health, Rollins School of Public Health, Emory University, Atlanta, GA 30322, USA. nsteenl@sph.emory.edu;University;Emory University;State;GA;City;Atlanta;
pmid;22678947;LastName;Greenaway;FirstName;M C;Initials;MC;Affiliation;Department of Neorology, Emory University School of Medicine, Atlanta, GA, USA. mcgree3@emory.edu;University;Emory University;State;GA;City;Atlanta;
pmid;24614202;LastName;Goldstein;FirstName;Felicia C;Initials;FC;Affiliation;Department of Neurology, Emory University School of Medicine, Atlanta, GA, USA.;University;Emory University;State;GA;City;Atlanta;
pmid;22024618;LastName;Hanfelt;FirstName;John J;Initials;JJ;Affiliation;Department of Biostatistics and Bioinformatics, Rollins School of Public Health, Emory University, Atlanta, GA, USA. jhanfel@emory.edu;University;Emory University;State;GA;City;Atlanta;
pmid;19939721;LastName;Sollinger;FirstName;Ann B;Initials;AB;Affiliation;Department of Neurology, Emory University School of Medicine, Atlanta, GA, USA. asollin@emory.edu;University;Emory University;State;GA;City;Atlanta;
pmid;20397724;LastName;Liang;FirstName;Yan;Initials;Y;Affiliation;The Center for Fundamental and Applied Molecular Evolution and the Center for Chemical Evolution, Department of Chemistry, Emory University, 1515 Dickey Drive, Atlanta, Georgia 30322, USA.;University;Emory University;State;GA;City;Atlanta;
pmid;21167022;LastName;Gaugler;FirstName;Joseph E;Initials;JE;Affiliation;School of Nursing, Center on Aging, University of Minnesota, Minneapolis, MN, USA. gaug0015@umn.edu;University;University of Minnesota;State;MN;City;Minneapolis;
pmid;20398630;LastName;Jiang;FirstName;Houbo;Initials;H;Affiliation;Department of Physiology and Biophysics, State University of New York at Buffalo, Buffalo, NY 14214, United States.;University;SUNY Buffalo;State;NY;City;Buffalo;
pmid;20697030;LastName;Jun;FirstName;Gyungah;Initials;G;Affiliation;Department of Medicine, Boston University, USA.;University;Boston University;State;MA;City;Boston;
pmid;20847427;LastName;Ginsberg;FirstName;Stephen D;Initials;SD;Affiliation;Center for Dementia Research, Nathan Kline Institute, New York University Langone Medical Center, Orangeburg, NY 10962, USA. ginsberg@nki.rfmh.org;University;NYU Langone Medical Center;State;NY;City;Orangeburg;
pmid;21358840;LastName;Bliwise;FirstName;Donald L;Initials;DL;Affiliation;Department of Neurology, Emory University School of Medicine, Atlanta, GA 30329, USA. dbliwis@emory.edu;University;Emory University;State;GA;City;Atlanta;
pmid;19835657;LastName;Lamar;FirstName;Melissa;Initials;M;Affiliation;Departments of Psychology & Section of Brain Maturation, Institute of Psychiatry, King's College London, London, England. m.lamar@iop.kcl.ac.uk;University;King's College of London;State;UK;City;London;
pmid;19329226;LastName;Rosen;FirstName;Rebecca F;Initials;RF;Affiliation;Division of Neuroscience, Yerkes National Primate Research Center, Emory University, Atlanta, GA 30322, USA.;University;Emory University;State;GA;City;Atlanta;
pmid;22982231;LastName;Obianyo;FirstName;Obiamaka;Initials;O;Affiliation;Department of Pathology and Laboratory Medicine, Emory University School of Medicine, Atlanta, GA 30322, USA.;University;Emory University;State;GA;City;Atlanta;
pmid;19250966;LastName;Mastroberardino;FirstName;Pier Giorgio;Initials;PG;Affiliation;Department of Neurology, University of Pittsburgh, 3501 Fifth Avenue, Pittsburgh, PA 15260, USA. mastroberardinopg@upmc.edu;University;Emory University;State;GA;City;Atlanta;
pmid;19037095;LastName;Liu;FirstName;Zhixue;Initials;Z;Affiliation;Department of Pathology and Laboratory Medicine, Emory University School of Medicine, Atlanta, GA 30322, USA.;University;Emory University;State;GA;City;Atlanta;
pmid;20303255;LastName;Jutras;FirstName;Michael J;Initials;MJ;Affiliation;Yerkes National Primate Research Center, 954 Gatewood Road, Atlanta, GA 30329, USA.;University;Emory University;State;GA;City;Atlanta;
pmid;22906799;LastName;Hatcher-Martin;FirstName;Jaime M;Initials;JM;Affiliation;Center for Neurodegenerative Disease, Emory University School of Medicine, Atlanta, GA 30322, USA.;University;Emory University;State;GA;City;Atlanta;
pmid;23537733;LastName;Zhou;FirstName;Jianying;Initials;J;Affiliation;St. Jude Children's Research Hospital, Memphis, TN 38105-3678, United States.;University;St. Jude's;State;TN;City;Memphis;
pmid;22171532;LastName;Yang;FirstName;Zhou;Initials;Z;Affiliation;Department of Health Policy and Management, Rollins School of Public Health, Emory University, Atlanta, GA 30322, USA. zyang26@emory.edu;University;Emory University;State;GA;City;Atlanta;
pmid;22313030;LastName;Irier;FirstName;Hasan A;Initials;HA;Affiliation;Department of Human Genetics, Emory University School of Medicine, Atlanta, Georgia 30322, USA.;University;Emory University;State;GA;City;Atlanta;
pmid;23708140;LastName;Chesi;FirstName;Alessandra;Initials;A;Affiliation;Department of Genetics, Stanford University School of Medicine, Stanford, California, USA. chesi@stanford.edu;University;Stanford;State;CA;City;Stanford;
pmid;23092715;LastName;Steenland;FirstName;K;Initials;K;Affiliation;Rollins School of Public Health, Emory University, 1518 Clifton Road, Atlanta, USA. nsteenl@emory.edu;University;Emory University;State;GA;City;Atlanta;
pmid;19246573;LastName;Crutcher;FirstName;Michael D;Initials;MD;Affiliation;Yerkes National Primate Research Center, Emory University, Emory Alzheimer's Disease Research Center, Atlanta, Georgia, USA.;University;Emory University;State;GA;City;Atlanta;
pmid;22126117;LastName;Gozal;FirstName;Yair M;Initials;YM;Affiliation;Department of Neurology, Emory University School of Medicine, Atlanta, GA 30322, USA.;University;Emory University;State;GA;City;Atlanta;
pmid;19345192;LastName;Xu;FirstName;Ping;Initials;P;Affiliation;Department of Human Genetics, Center for Neurodegenerative Diseases, Emory University, Atlanta, GA 30322, USA.;University;Emory University;State;GA;City;Atlanta;
pmid;20409611;LastName;Bogaert;FirstName;Elke;Initials;E;Affiliation;Laboratory for Neurobiology, Experimental Neurology, University of Leuven, Leuven, Belgium.;University;University of Leuven;State;Belgium;City;Leuven;
pmid;19485656;LastName;Gaugler;FirstName;Joseph E;Initials;JE;Affiliation;Center on Aging, School of Nursing, University of Minnesota, Minneapolis, MN 55455, USA. gaug0015@umn.edu;University;University of Minnesota;State;MN;City;Minneapolis;
pmid;22288403;LastName;Heuer;FirstName;Eric;Initials;E;Affiliation;Yerkes National Primate Research Center, Emory University, Atlanta, GA 30329, USA.;University;Emory University;State;GA;City;Atlanta;
pmid;20596297;LastName;Goldstein;FirstName;Felicia C;Initials;FC;Affiliation;Department of Neurology, Emory University School of Medicine, Atlanta, GA, USA.;University;Emory University;State;GA;City;Atlanta;
pmid;24496071;LastName;Steenland;FirstName;Kyle;Initials;K;Affiliation;Department of Environmental Health, Rollins School of Public Health, Emory University, Atlanta, GA, USA Emory Alzheimer's Disease Research Center, Emory University, Atlanta, GA, USA.;University;Emory University;State;GA;City;Atlanta;
pmid;24496071;LastName;Zhao;FirstName;Liping;Initials;L;Affiliation;Department of Biostatistics, Rollins School of Public Health, Emory University, Atlanta, GA, USA Emory Alzheimer's Disease Research Center, Emory University, Atlanta, GA, USA.;University;Emory University;State;GA;City;Atlanta;
pmid;24496071;LastName;Goldstein;FirstName;Felicia;Initials;F;Affiliation;Department of Neurology, Emory University School of Medicine, Atlanta, GA, USA Emory Alzheimer's Disease Research Center, Emory University, Atlanta, GA, USA.;University;Emory University;State;GA;City;Atlanta;
pmid;24496071;LastName;Cellar;FirstName;Janet;Initials;J;Affiliation;Department of Neurology, Emory University School of Medicine, Atlanta, GA, USA Emory Alzheimer's Disease Research Center, Emory University, Atlanta, GA, USA.;University;Emory University;State;GA;City;Atlanta;
pmid;24496071;LastName;Lah;FirstName;James;Initials;J;Affiliation;Department of Neurology, Emory University School of Medicine, Atlanta, GA, USA Emory Alzheimer's Disease Research Center, Emory University, Atlanta, GA, USA.;University;Emory University;State;GA;City;Atlanta;
pmid;22750520;LastName;Trotti;FirstName;Lynn Marie;Initials;LM;Affiliation;Emory Program in Sleep, Department of Neurology, Emory University School of Medicine, Atlanta, GA, USA. Lbecke2@emory.edu;University;Emory University;State;GA;City;Atlanta;
pmid;23143602;LastName;Whitcomb;FirstName;David C;Initials;DC;Affiliation;Division of Gastroenterology, Hepatology and Nutrition, University of Pittsburgh School of Medicine, Pittsburgh, PA, USA. whitcomb@pitt.edu;University;University of Pittsburgh;State;PA;City;Pittsburgh;
pmid;21278249;LastName;Dammer;FirstName;Eric B;Initials;EB;Affiliation;Department of Human Genetics, Emory University School of Medicine, Atlanta, Georgia 30322, USA.;University;Emory University;State;GA;City;Atlanta;
pmid;22685416;LastName;Zou;FirstName;Fanggeng;Initials;F;Affiliation;Department of Neuroscience, Mayo Clinic, Jacksonville, Florida, USA.;University;Mayo Clinic;State;FL;City;Jacksonville;
pmid;22017494;LastName;Rosen;FirstName;Rebecca F;Initials;RF;Affiliation;Yerkes National Primate Research Center, Emory University, Atlanta, Georgia 30329, USA.;University;Emory University;State;GA;City;Atlanta;
pmid;24256812;LastName;Fogh;FirstName;Isabella;Initials;I;Affiliation;Department of Neuroscience.;University;;State;;City;;
pmid;19358229;LastName;Hwang;FirstName;Hyejin;Initials;H;Affiliation;Department of Pathology, University of Washington, Seattle, WA 98104, USA.;University;University of Washington;State;WA;City;Seattle;
pmid;19879180;LastName;Childers;FirstName;W Seth;Initials;WS;Affiliation;Center for Fundamental and Applied Molecular Evolution and Center for Chemical Evolution, Department of Chemistry and Biology, Emory University, Atlanta, GA, United States.;University;Emory University;State;GA;City;Atlanta;
pmid;21741404;LastName;She;FirstName;Hua;Initials;H;Affiliation;Department of Pharmacology, School of Medicine, Emory University, Atlanta, GA 30322, USA.;University;Emory University;State;GA;City;Atlanta;
pmid;23542809;LastName;Gillis;FirstName;M Meredith;Initials;MM;Affiliation;Rehabilitation R&D Center of Excellence, Atlanta VAMC, 1670 Clairmont Road (151R) Decatur, GA 30033, USA.;University;Emory University;State;GA;City;Atlanta;
pmid;23360175;LastName;Holton;FirstName;Patrick;Initials;P;Affiliation;Department of Molecular Neuroscience, UCL Institute of Neurology, London, UK.;University;University College of London;State;UK;City;London;
pmid;23768213;LastName;Dammer;FirstName;Eric B;Initials;EB;Affiliation;Department of Human Genetics, Emory University School of Medicine, Atlanta, Georgia 30322, USA.;University;Emory University;State;GA;City;Atlanta;
pmid;22110158;LastName;Wright;FirstName;David W;Initials;DW;Affiliation;Emory University School of Medicine, Department of Emergency Medicine, Atlanta, GA 30303, USA. david.wright@emory.edu;University;Emory University;State;GA;City;Atlanta;
pmid;20154673;LastName;Van Deerlin;FirstName;Vivianna M;Initials;VM;Affiliation;[1] Department of Pathology and Laboratory Medicine, University of Pennsylvania School of Medicine, Philadelphia, Pennsylvania, USA. [2] These authors contributed equally to this work.;University;University of Pennsylvania;State;PA;City;Philadelphia;
pmid;21792670;LastName;Armstrong;FirstName;Richard A;Initials;RA;Affiliation;Vision Sciences, Aston University, Birmingham, UK. R.A.Armstrong@aston.ac.uk;University;Aston University;State;UK;City;Birmingham;
pmid;21393861;LastName;She;FirstName;Hua;Initials;H;Affiliation;Department of Pharmacology, Rollins School of Public Health, Atlanta, Georgia, USA.;University;Emory University;State;GA;City;Atlanta;
pmid;24023061;LastName;Bai;FirstName;Bing;Initials;B;Affiliation;Departments of Structural Biology and Developmental Neurobiology and St. Jude Proteomics Facility, St. Jude Children's Research Hospital, Memphis, TN 38105.;University;St. Jude's;State;TN;City;Memphis;
pmid;21810649;LastName;Tariot;FirstName;Pierre N;Initials;PN;Affiliation;Banner Alzheimer's Institute, 901 E Willetta St., Phoenix, AZ 85006, USA. pierre.tariot@bannerhealth.com;University;Banner Alzheimer's Institute;State;Arizona;City;Phoenix;
pmid;20947215;LastName;Wingo;FirstName;Thomas S;Initials;TS;Affiliation;Department of Neurology, Emory University, Atlanta, GA 30322-1047, USA. thomas.wingo@emory.edu;University;Emory University;State;GA;City;Atlanta;
pmid;19858201;LastName;Jacobson;FirstName;Andrew D;Initials;AD;Affiliation;Department of Biochemistry and Molecular Genetics, University of Colorado Denver School of Medicine, Aurora, Colorado 80045, USA.;University;University of Colorado Denver;State;CO;City;Denver;
pmid;23912899;LastName;Yao;FirstName;Bing;Initials;B;Affiliation;Department of Human Genetics, Emory University School of Medicine, 615 Michael Street, Suite 301, Atlanta, GA, 30322, USA.;University;Emory University;State;GA;City;Atlanta;
pmid;23669642;LastName;Pranski;FirstName;Elaine;Initials;E;Affiliation;Department of Neurology, Emory University, Atlanta, GA, USA.;University;Emory University;State;GA;City;Atlanta;
pmid;21655086;LastName;Qurashi;FirstName;Abrar;Initials;A;Affiliation;Department of Human Genetics, Emory University School of Medicine, Atlanta, Georgia, USA.;University;Emory University;State;GA;City;Atlanta;
pmid;19906975;LastName;Shirey;FirstName;Jana K;Initials;JK;Affiliation;Department of Pharmacology, Vanderbilt Program in Drug Discovery, Vanderbilt University Medical Center, Nashville, Tennessee 37232-6600, USA.;University;Vanderbilt University;State;TN;City;Nashville;
pmid;23553836;LastName;Xu;FirstName;Zihui;Initials;Z;Affiliation;Department of Human Genetics, Laboratory Medicine, Emory University School of Medicine, Atlanta, GA 30322, USA.;University;Emory University;State;GA;City;Atlanta;
pmid;22633452;LastName;Li;FirstName;Yujing;Initials;Y;Affiliation;Department of Human Genetics, Emory University School of Medicine, Atlanta, GA 30322, USA.;University;Emory University;State;GA;City;Atlanta;
pmid;23634965;LastName;Chalermpalanupap;FirstName;Termpanit;Initials;T;Affiliation;Department of Neurology, Suite 6000 WMB, 101 Woodruff Circle, Emory University School of Medicine, Atlanta, GA 30322, USA. alevey@emory.edu.;University;Emory University;State;GA;City;Atlanta;
pmid;21906825;LastName;Vellano;FirstName;Christopher P;Initials;CP;Affiliation;Department of Pharmacology, Emory University School of Medicine, Rollins Research Center, Atlanta, GA 30322, USA. cvellan@emory.edu;University;Emory University;State;GA;City;Atlanta;
pmid;22608086;LastName;Yu;FirstName;Miao;Initials;M;Affiliation;Department of Chemistry, Institute for Biophysical Dynamics, The University of Chicago, IL 60637, USA.;University;The University of Chicago;State;IL;City;Chicago;
pmid;21600237;LastName;Zhu;FirstName;Jinqiu;Initials;J;Affiliation;Department of Pharmacology, Emory University School of Medicine, Whitehead Bldg., Rm505L 615 Michael St., Atlanta, GA 30322, USA.;University;Emory University;State;GA;City;Atlanta;
pmid;23627220;LastName;Walker;FirstName;Lary C;Initials;LC;Affiliation;Yerkes National Primate Research Center, USA.;University;Emory University;State;GA;City;Atlanta;
pmid;23565137;LastName;Miyashita;FirstName;Akinori;Initials;A;Affiliation;Department of Molecular Genetics, Brain Research Institute, Niigata University, Niigata, Japan.;University;Niigata University;State;Japan;City;Niigata;
pmid;22409311;LastName;Hampstead;FirstName;Benjamin M;Initials;BM;Affiliation;Atlanta VAMC, Decatur, GA, USA. bhampst@emory.edu;University;Emory University;State;GA;City;Atlanta;
pmid;None;Lastname;Levey;Firstname;Allan;Initials;AI;Affiliation;Emory;University;Emory University;State;GA;City;Atlanta;
pmid;None;Lastname;Lah;Firstname;Jim;Initials;JJ;Affiliation;Emory;University;Emory University;State;GA;City;Atlanta;
pmid;None;Lastname;Glass;Firstname;Jonathan;Initials;JD;Affiliation;Emory;University;Emory University;State;GA;City;Atlanta;
pmid;None;Lastname;Gearing;Firstname;Marla;Initials;M;Affiliation;Emory;University;Emory University;State;GA;City;Atlanta;
pmid;None;Lastname;Jin;Firstname;Ping;Initials;P;Affiliation;Emory;University;Emory University;State;GA;City;Atlanta;
pmid;None;Lastname;Betarbet;Firstname;Ranjita;Initials;RS;Affiliation;Emory;University;Emory University;State;GA;City;Atlanta;
pmid;None;Lastname;Cooper;Firstname;Deborah;Initials;DS;Affiliation;Emory;University;Emory University;State;GA;City;Atlanta;
pmid;None;Lastname;Heilman;Firstname;Craig;Initials;CJ;Affiliation;Emory;University;Emory University;State;GA;City;Atlanta;
pmid;None;Lastname;Trojanowski;Firstname;John;Initials;JQ;Affiliation;;University;University of Pennsylvania;State;PA;City;Philadelphia;
pmid;None;Lastname;Sathian;Firstname;Krish;Initials;K;Affiliation;;University;Emory University;State;GA;City;Atlanta;
pmid;23673467;Lastname;Haines;Firstname;;Initials;JL;Affiliation;;University;Vanderbilt University;State;TN;City;Nashville;
pmid;23673467;Lastname;Pericak-Vance;Firstname;;Initials;MA;Affiliation;;University;University of Miami;State;FL;City;Miami;
pmid;23673467;Lastname;Farrer;Firstname;;Initials;LA;Affiliation;;University;Boston University;State;MA;City;Boston;
pmid;23673467;Lastname;Schellenberg;Firstname;;Initials;GD;Affiliation;;University;University of Pennsylvania;State;PA;City;Philadelphia;
pmid;23673467;Lastname;Mayeux;Firstname;;Initials;R;Affiliation;;University;Columbia University;State;NY;City;New York;
pmid;20886222;Lastname;Bigio;Firstname;;Initials;EH;Affiliation;;University;Northwestern University Medical School;State;IL;City;Chicago;
pmid;20886222;Lastname;Cruz-Sanchez;Firstname;;Initials;FF;Affiliation;;University;International University of Catalonia;State;Spain;City;Barcelona;
pmid;20886222;Lastname;Duyckaerts;Firstname;;Initials;C;Affiliation;;University;Hôpital de la Salpêtrière;State;France;City;Paris;
pmid;20886222;Lastname;Mackenzie;Firstname;;Initials;IR;Affiliation;;University;Vancouver General Hospital;State;Canada;City;Vancouver;
pmid;20886222;Lastname;Perry;Firstname;;Initials;RH;Affiliation;;University;Newcastle General Hospital;State;UK;City;Newcastle-upon-Tyne;
pmid;20886222;Lastname;Skullerud;Firstname;;Initials;K;Affiliation;;University;Rikshospitalet;State;Norway;City;Oslo;
pmid;20886222;Lastname;Yokoo;Firstname;;Initials;H;Affiliation;;University;Gunma University School of Medicine;State;Japan;City;Maebashi;
pmid;20886222;Lastname;Cairns;Firstname;;Initials;NJ;Affiliation;;University;Washington University School of Medicine;State;MO;City;St. Louis;
pmid;22022397;Lastname;Julkunen;Firstname;;Initials;V;Affiliation;;University;Kuopio University Hospital;State;Finland;City;Kuopio;
pmid;22022397;Lastname;Koikkalainen;Firstname;;Initials;J;Affiliation;;University;VTT Technical Research Center of Finland;State;Finland;City;Tampere;
pmid;22022397;Lastname;Niskanen;Firstname;;Initials;E;Affiliation;;University;Kuopio University Hospital;State;Finland;City;Kuopio;
pmid;22022397;Lastname;Zhang;Firstname;;Initials;DP;Affiliation;;University;Imperial College London;State;United Kingdom;City;London;
pmid;22022397;Lastname;Rueckert;Firstname;;Initials;D;Affiliation;;University;Imperial College London;State;United Kingdom;City;London;
pmid;22022397;Lastname;Soininen;Firstname;;Initials;H;Affiliation;;University;Kuopio University Hospital;State;Finland;City;Kuopio;
pmid;22022397;Lastname;Lötjönen;Firstname;;Initials;J;Affiliation;;University;VTT Technical Research Centre of Finland;State;Finland;City;Tampere;
pmid;21460841;Lastname;Graff-Radford;Firstname;;Initials;NR;Affiliation;;University;Mayo Clinic;State;FL;City;Jacksonville;
pmid;21460841;Lastname;Carrasquillo;Firstname;;Initials;MM;Affiliation;;University;Mayo Clinic;State;FL;City;Jacksonville;
pmid;21460841;Lastname;Ertekin-Taner;Firstname;;Initials;N;Affiliation;;University;Mayo Clinic;State;FL;City;Jacksonville;
pmid;21460841;Lastname;Younkin;Firstname;;Initials;SG;Affiliation;;University;Mayo Clinic;State;FL;City;Jacksonville;
pmid;21460841;Lastname;Dickson;Firstname;;Initials;DW;Affiliation;;University;Mayo Clinic;State;FL;City;Jacksonville;
pmid;21460841;Lastname;Petersen;Firstname;;Initials;RC;Affiliation;;University;Mayo Clinic;State;MN;City;Rochester;
pmid;21460841;Lastname;Goate;Firstname;;Initials;AM;Affiliation;;University;Washington University School of Medicine;State;MO;City;St. Louis;
pmid;22416763;Lastname;Donovan;Firstname;;Initials;LE;Affiliation;;University;Emory University;State;GA;City;Atlanta;
pmid;22416763;Lastname;Xia;Firstname;;Initials;Q;Affiliation;;University;Emory University;State;GA;City;Atlanta;
pmid;22416763;Lastname;Ku;Firstname;;Initials;L;Affiliation;;University;Emory University;State;GA;City;Atlanta;
pmid;22416763;Lastname;Chang;Firstname;;Initials;J;Affiliation;;University;Emory University;State;GA;City;Atlanta;
pmid;22416763;Lastname;Duong;Firstname;;Initials;DM;Affiliation;;University;Emory University;State;GA;City;Atlanta;
pmid;22416763;Lastname;Rees;Firstname;;Initials;HD;Affiliation;;University;Emory University;State;GA;City;Atlanta;
pmid;22416763;Lastname;Tansey;Firstname;;Initials;MG;Affiliation;;University;Emory University;State;GA;City;Atlanta;
pmid;22416763;Lastname;Feng;Firstname;;Initials;Y;Affiliation;;University;Emory University;State;GA;City;Atlanta;
pmid;22416763;Lastname;Peng;Firstname;;Initials;J;Affiliation;;University;Emory University;State;GA;City;Atlanta;
pmid;22959728;Lastname;Al-Chalabi;Firstname;;Initials;A;Affiliation;;University;Kings College London;State;United Kingdom;City;London;
pmid;22959728;Lastname;Andersen;Firstname;;Initials;PM;Affiliation;;University;Umeå University;State;Sweden;City;Umeå;
pmid;22959728;Lastname;Birve;Firstname;;Initials;A;Affiliation;;University;Umeå University;State;Sweden;City;Umeå;
pmid;22959728;Lastname;Brown;Firstname;;Initials;RH;Affiliation;;University;Massachusetts General Hospital-East;State;MA;City;Charlestown;
pmid;22959728;Lastname;Landers;Firstname;;Initials;JE;Affiliation;;University;Massachusetts General Hospital-East;State;MA;City;Charlestown;
pmid;22959728;Lastname;Robberecht;Firstname;;Initials;W;Affiliation;;University;Belgium and Vesalius Research Center;State;Belgium;City;Leuven;
pmid;22959728;Lastname;Shaw;Firstname;;Initials;CE;Affiliation;;University;Kings College of London;State;United Kingdom;City;London;
pmid;22959728;Lastname;Traynor;Firstname;;Initials;BJ;Affiliation;;University;National Institutes of Health;State;MD;City;Bethesda;
pmid;22959728;Lastname;van den Berg;Firstname;;Initials;LH;Affiliation;;University;University Medical Centre Utrecht;State;The Netherlands;City;Utrecht;
pmid;22959728;Lastname;van Es;Firstname;;Initials;MA;Affiliation;;University;University Medical Centre Utrecht;State;The Netherlands;City;Utrecht;
pmid;22110158;Lastname;Kilgo;Firstname;;Initials;P;Affiliation;;University;Emory University;State;GA;City;Atlanta;
pmid;22110158;Lastname;LaPlaca;Firstname;;Initials;M;Affiliation;;University;Georgia Institute of Technology;State;GA;City;Atlanta;
pmid;22110158;Lastname;Robinson;Firstname;;Initials;A;Affiliation;;University;Emory University;State;GA;City;Atlanta;
pmid;22110158;Lastname;Fowler;Firstname;;Initials;S;Affiliation;;University;Emory University;State;GA;City;Atlanta;
pmid;22110158;Lastname;Brumfield;Firstname;;Initials;J;Affiliation;;University;Georgia Institute of Technology;State;GA;City;Atlanta;
pmid;22633452;Lastname;Lin;Firstname;;Initials;L;Affiliation;;University;Emory University;State;GA;City;Atlanta;
pmid;22633452;Lastname;Li;Firstname;;Initials;Z;Affiliation;;University;University of Chicago;State;IL;City;Chicago;
pmid;22633452;Lastname;Ye;Firstname;;Initials;X;Affiliation;;University;University of Texas Southwestern Medical Center;State;TX;City;Dallas;
pmid;22633452;Lastname;Xiong;Firstname;;Initials;K;Affiliation;;University;University of Texas Southwestern Medical Center;State;TX;City;Dallas;
pmid;22633452;Lastname;Aryal;Firstname;;Initials;B;Affiliation;;University;University of Chicago;State;IL;City;Chicago;
pmid;22633452;Lastname;Paroo;Firstname;;Initials;Z;Affiliation;;University;University of Texas Southwestern Medical School;State;TX;City;Dallas;
pmid;22633452;Lastname;Liu;Firstname;;Initials;Q;Affiliation;;University;University of Texas Southwestern Medical School;State;TX;City;Dallas;
pmid;22633452;Lastname;He;Firstname;;Initials;C;Affiliation;;University;University of Chicago;State;IL;City;Chicago;
pmid;22608086;Lastname;Hon;Firstname;;Initials;GC;Affiliation;;University;UCSD;State;CA;City;La Jolla;
pmid;22608086;Lastname;Zhang;Firstname;;Initials;L;Affiliation;;University;University of Chicago;State;IL;City;Chicago;
pmid;22608086;Lastname;Kim;Firstname;;Initials;A;Affiliation;;University;UCSD;State;CA;City;La Jolla;
pmid;22608086;Lastname;Li;Firstname;;Initials;X;Affiliation;;University;Emory University;State;GA;City;Atlanta;
pmid;22608086;Lastname;Dai;Firstname;;Initials;Q;Affiliation;;University;University of Chicago;State;IL;City;Chicago;
pmid;22608086;Lastname;Shen;Firstname;;Initials;Y;Affiliation;;University;;State;;;City;;
pmid;22608086;Lastname;Park;Firstname;;Initials;B;Affiliation;;University;University of Illinois at Chicago;;State;IL;City;Chicago;
pmid;22608086;Lastname;Min;Firstname;;Initials;JH;Affiliation;;University;University of Illinois at Chicago;State;IL;City;Chicago;
pmid;22608086;Lastname;Ren;Firstname;;Initials;B;Affiliation;;University;UCSD;State;CA;City;La Jolla;
pmid;22608086;Lastname;He;Firstname;;Initials;C;Affiliation;;University;University of Chicago;State;IL;City;Chicago;
pmid;20884673;Lastname;Steenland;Firstname;;Initials;NK;Affiliation;;University;Emory University;State;GA;City;Atlanta;
pmid;20884673;Lastname;Higgins;Firstname;;Initials;DS;Affiliation;;University;Albany Medical Center;State;NY;City;Albany;
pmid;20884673;Lastname;Molho;Firstname;;Initials;ES;Affiliation;;University;Albany Medical Center;State;NY;City;Albany;
pmid;20884673;Lastname;Montimurro;Firstname;;Initials;J;Affiliation;;University;New York State Department of Health;State;NY;City;New York;
pmid;20884673;Lastname;Rosen;Firstname;;Initials;AR;Affiliation;;University;Emory University;State;GA;City;Atlanta;
pmid;20884673;Lastname;Zabetian;Firstname;;Initials;CP;Affiliation;;University;VA Puget Sound Health Care System and University of Washington;State;Washington;City;Seattle;
pmid;20884673;Lastname;Payami;Firstname;;Initials;H;Affiliation;;University;New York State Department of Health;State;NY;City;New York;
pmid;21714002;Lastname;Steenland;Firstname;;Initials;NK;Affiliation;;University;Emory University;State;GA;City;Atlanta;
pmid;21714002;Lastname;Higgins;Firstname;;Initials;DS;Affiliation;;University;Albany Medical Center;State;NY;City;Albany;
pmid;22025277;Lastname;Conneely;Firstname;;Initials;KN;Affiliation;;University;Emory University;State;GA;City;Atlanta;
pmid;22025277;Lastname;Vilarino-Guell;Firstname;;Initials;C;Affiliation;;University;Mayo Clinic College of Medicine;State;;;City;;
pmid;22025277;Lastname;Soto-Ortolaza;Firstname;;Initials;AI;Affiliation;;University;Mayo Clinic College of Medicine;State;FL;City;Jacksonville;
pmid;22025277;Lastname;Rajput;Firstname;;Initials;A;Affiliation;;University;University of Saskatchewan;State;Canada;City;Saskatchewan;
pmid;22025277;Lastname;Wszolek;Firstname;;Initials;ZK;Affiliation;;University;Mayo Clinic College of Medicine;State;FL;City;Jacksonville;
pmid;22025277;Lastname;Uitti;Firstname;;Initials;RJ;Affiliation;;University;Mayo Clinic College of Medicine;State;FL;City;Jacksonville;
pmid;22025277;Lastname;Louis;Firstname;;Initials;ED;Affiliation;;University;Emory University;State;GA;City;Atlanta;
pmid;22025277;Lastname;Clark;Firstname;;Initials;LN;Affiliation;;University;Columbia University;State;NY;City;New York;
pmid;22025277;Lastname;Farrer;Firstname;;Initials;MJ;Affiliation;;University;Mayo Clinic College of Medicine;State;FL;City;Jacksonville;
pmid;22025277;Lastname;Testa;Firstname;;Initials;CM;Affiliation;;University;Emory University;State;GA;City;Atlanta;
pmid;21620887;Lastname;Roy;Firstname;;Initials;A;Affiliation;;University;UMDNJ;State;NJ;City;Newark;
pmid;21620887;Lastname;Shalat;Firstname;;Initials;SL;Affiliation;;University;UMDNJ;State;NJ;City;Newark;
pmid;21620887;Lastname;Buckley;Firstname;;Initials;B;Affiliation;;University;Rutgers University;State;NJ;City;Piscataway;
pmid;21620887;Lastname;Winnik;Firstname;;Initials;B;Affiliation;;University;Rutgers University;State;NJ;City;Piscataway;
pmid;21620887;Lastname;O'Suilleabhain;Firstname;;Initials;P;Affiliation;;University;University of Texas Southwestern Medical Center;State;TX;City;Dallas;
pmid;21620887;Lastname;German;Firstname;;Initials;DC;Affiliation;;University;University of Texas Southwestern Medical Center;State;TX;City;Dallas;
pmid;19690877;Lastname;Dooyema;Firstname;;Initials;J;Affiliation;;University;Emory University;State;GA;City;Atlanta;
pmid;19690877;Lastname;LeVine;Firstname;;Initials;H;Affiliation;;University;University of Kentucky;State;KY;City;Lexington;
pmid;22265236;Lastname;Duncan;Firstname;;Initials;NL;Affiliation;;University;Emory University;State;GA;City;Atlanta;
pmid;22265236;Lastname;Hanna;Firstname;;Initials;S;Affiliation;;University;Mayo Clinic;State;MN;City;Rochester;
pmid;22265236;Lastname;Smith;Firstname;;Initials;GE;Affiliation;;University;Mayo Clinic;State;MN;City;Rochester;
pmid;24442578;Lastname;Van Broeckhoven;Firstname;;Initials;C;Affiliation;;University;VIB;State;Belgium;City;Antwerpen;
pmid;22022397;Lastname;Lötjönen;Firstname;;Initials;J;Affiliation;;University;VTT Technical Research Centre of Finland;State;Finland;City;Tampere;
pmid;23318928;Lastname;Dalal;Firstname;;Initials;NV;Affiliation;;University;Emory University;State;GA;City;Atlanta;
pmid;21147781;Lastname;Kahn;Firstname;;Initials;RA;Affiliation;;University;Emory University;State;GA;City;Atlanta;
pmid;20884673;Lastname;Kay;Firstname;;Initials;DM;Affiliation;;University;New York State Department of Health;State;NY;City;Albany;
pmid;22431618;Lastname;Cooper;Firstname;;Initials;D;Affiliation;;University;Emory University;State;GA;City;Atlanta;
pmid;22431618;Lastname;Julien;Firstname;;Initials;JP;Affiliation;;University;Laval University Research Centre;State;Canada;City;Quebec;
pmid;22431618;Lastname;Rothstein;Firstname;;Initials;JD;Affiliation;;University;John Hopkins University;State;MD;City;Baltimore;
pmid;22431618;Lastname;Boylan;Firstname;;Initials;K;Affiliation;;University;Mayo Clinic;State;FL;City;Jacksonville;
pmid;21714002;Lastname;Kay;Firstname;;Initials;DM;Affiliation;;University;New York State Department of Health;State;NY;City;Albany;
pmid;21670386;Lastname;Shaw;Firstname;;Initials;LM;Affiliation;;University;University of Pennsylvania School of Medicine;State;PA;City;Philadelphia;
pmid;23685628;Lastname;Wu;Firstname;;Initials;H;Affiliation;;University;Emory University;State;GA;City;Atlanta;
pmid;23685628;Lastname;Chang;Firstname;;Initials;Q;Affiliation;;University;University of Wisconsin;State;WI;City;Madison;
pmid;21911656;Lastname;Cutler;Firstname;;Initials;DJ;Affiliation;;University;Emory University;State;GA;City;Atlanta;
pmid;22556362;Lastname;Lee;Firstname;;Initials;SE;Affiliation;;University;University of California;State;CA;City;San Francisco;
pmid;19342885;Lastname;Mao;Firstname;;Initials;Z;Affiliation;;University;Emory University;State;GA;City;Atlanta;
pmid;22022397;Lastname;Lötjönen;Firstname;;Initials;J;Affiliation;;University;VTT Technical Research Centre of Finland;State;Finland;City;Tampere;
pmid;22634524;Lastname;Van Sanford;Firstname;;Initials;CD;Affiliation;;University;Emory University;State;GA;City;Atlanta;
pmid;22634524;Lastname;Orr;Firstname;;Initials;AL;Affiliation;;University;Emory University;State;GA;City;Atlanta;
pmid;22634524;Lastname;Karmali;Firstname;;Initials;D;Affiliation;;University;Emory University;State;GA;City;Atlanta;
pmid;22634524;Lastname;Costa;Firstname;;Initials;N;Affiliation;;University;Emory University;State;GA;City;Atlanta;
pmid;22957617;Lastname;Tang;Firstname;;Initials;X;Affiliation;;University;Emory University;State;GA;City;Atlanta;
pmid;19054758;Lastname;Cheng;Firstname;;Initials;D;Affiliation;;University;Emory University;State;GA;City;Atlanta;
pmid;20047951;Lastname;Cheng;Firstname;;Initials;D;Affiliation;;University;Emory University;State;GA;City;Atlanta;
pmid;22621900;Lastname;Offe;Firstname;;Initials;K;Affiliation;;University;Emory University;State;GA;City;Atlanta;
pmid;22621900;Lastname;Deshpande;Firstname;;Initials;A;Affiliation;;University;Emory University;State;GA;City;Atlanta;
pmid;20335454;Lastname;Fritz;Firstname;;Initials;JJ;Affiliation;;University;Emory University;State;GA;City;Atlanta;
pmid;21577247;Lastname;Cheng;Firstname;;Initials;D;Affiliation;;University;Emory University;State;GA;City;Atlanta;
pmid;21603978;Lastname;Gitcho;Firstname;;Initials;MA;Affiliation;;University;University of Wisconsin;State;WI;City;Madison;
pmid;21603978;Lastname;Mosaheb;Firstname;;Initials;S;Affiliation;;University;Royal Berkshire NHS Foundation Trust;State;United Kingdom;City;Berkshire;
pmid;21603978;Lastname;Carter;Firstname;;Initials;D;Affiliation;;University;Washington University School of Medicine;State;MO;City;St. Louis;
pmid;21603978;Lastname;Chakraverty;Firstname;;Initials;S;Affiliation;;University;Washington University School of Medicine;State;MO;City;St. Louis;
pmid;21603978;Lastname;Ferrer;Firstname;;Initials;I;Affiliation;;University;Universitat de Barcelona;State;Spain;City;Barcelona;
pmid;21603978;Lastname;Thorpe;Firstname;;Initials;JR;Affiliation;;University;University of Sussex;State;United Kingdom;City;Sussex;
pmid;20144652;Lastname;Hu;Firstname;;Initials;X;Affiliation;;University;Cleveland Clinic Foundation;State;OH;City;Cleveland;
pmid;21530556;Lastname;Stringer;Firstname;;Initials;AY;Affiliation;;University;Emory University;State;GA;City;Atlanta;
pmid;21530556;Lastname;Stilla;Firstname;;Initials;RF;Affiliation;;University;Emory University;State;GA;City;Atlanta;
pmid;21530556;Lastname;Amaraneni;Firstname;;Initials;A;Affiliation;;University;Emory University;State;GA;City;Atlanta;
pmid;20935339;Lastname;Stringer;Firstname;;Initials;AY;Affiliation;;University;Emory University;State;GA;City;Atlanta;
pmid;20935339;Lastname;Stilla;Firstname;;Initials;RF;Affiliation;;University;Emory University;State;GA;City;Atlanta;
pmid;20935339;Lastname;Deshpande;Firstname;;Initials;G;Affiliation;;University;Emory University;State;GA;City;Atlanta;
pmid;20935339;Lastname;Hu;Firstname;;Initials;X;Affiliation;;University;Emory University;State;GA;City;Atlanta;
pmid;20935339;Lastname;Moore;Firstname;;Initials;AB;Affiliation;;University;Emory University;State;GA;City;Atlanta;
pmid;22007616;Lastname;Chang;Firstname;;Initials;MC;Affiliation;;University;Emory University;State;GA;City;Atlanta;
pmid;22007616;Lastname;DeCaro;Firstname;;Initials;JJ;Affiliation;;University;Emory University;State;GA;City;Atlanta;
pmid;22007616;Lastname;Zheng;Firstname;;Initials;M;Affiliation;;University;Brigham and Women’s Hospital;State;MA;City;Boston;
pmid;22007616;Lastname;Shubeck;Firstname;;Initials;L;Affiliation;;University;Emory University;State;GA;City;Atlanta;
pmid;22007616;Lastname;Sherman;Firstname;;Initials;SL;Affiliation;;University;Emory University;State;GA;City;Atlanta;
pmid;22007616;Lastname;Welt;Firstname;;Initials;CK;Affiliation;;University;Massachusetts General Hospital;State;MA;City;Boston;
pmid;22037496;Lastname;Irier;Firstname;;Initials;H;Affiliation;;University;Emory University;State;GA;City;Atlanta;
pmid;22037496;Lastname;Upadhyay;Firstname;;Initials;AK;Affiliation;;University;Emory University;State;GA;City;Atlanta;
pmid;22037496;Lastname;Vasanthakumar;Firstname;;Initials;A;Affiliation;;University;University of Chicago;State;IL;City;Chicago;
pmid;22037496;Lastname;Godley;Firstname;;Initials;LA;Affiliation;;University;University of Chicago;State;GA;City;Atlanta;
pmid;22037496;Lastname;Cheng;Firstname;;Initials;X;Affiliation;;University;Emory University;State;GA;City;Atlanta;
pmid;22927900;Lastname;Wuu;Firstname;;Initials;J;Affiliation;;University;University of Miami;State;FL;City;Miami;
pmid;19859965;Lastname;Fritz;Firstname;;Initials;JJ;Affiliation;;University;Emory University;State;GA;City;Atlanta;
pmid;22024618;Lastname;Wuu;Firstname;;Initials;J;Affiliation;;University;University of Miami;State;FL;City;Miami;
pmid;20398630;Lastname;Cheng;Firstname;;Initials;D;Affiliation;;University;Emory University;State;GA;City;Atlanta;
pmid;20847427;Lastname;Wuu;Firstname;;Initials;J;Affiliation;;University;University of Miami;State;FL;City;Miami;
pmid;19250966;Lastname;Cheng;Firstname;;Initials;D;Affiliation;;University;Emory University;State;GA;City;Atlanta;
pmid;19037095;Lastname;Cheng;Firstname;;Initials;D;Affiliation;;University;Emory University;State;GA;City;Atlanta;
pmid;22171532;Lastname;Zhang;Firstname;;Initials;K;Affiliation;;University;Emory University;State;GA;City;Atlanta;
pmid;22171532;Lastname;Lin;Firstname;;Initials;PJ;Affiliation;;University;Tufts Medical Center;State;MA;City;Boston;
pmid;22171532;Lastname;Clevenger;Firstname;;Initials;C;Affiliation;;University;Emory University;State;GA;City;Atlanta;
pmid;22171532;Lastname;Atherly;Firstname;;Initials;A;Affiliation;;University;Colorado School of Public Health;State;CO;City;Aurora;
pmid;22126117;Lastname;Wuu;Firstname;;Initials;J;Affiliation;;University;Emory University;State;GA;City;Atlanta;
pmid;22126117;Lastname;Cheng;Firstname;;Initials;D;Affiliation;;University;Emory University;State;GA;City;Atlanta;
pmid;22126117;Lastname;Fritz;Firstname;;Initials;JJ;Affiliation;;University;Emory University;State;GA;City;Atlanta;
pmid;19345192;Lastname;Cheng;Firstname;;Initials;D;Affiliation;;University;Emory University;State;GA;City;Atlanta;
pmid;20409611;Lastname;Goris;Firstname;;Initials;A;Affiliation;;University;University of Leuven;State;Belgium;City;Leuven;
pmid;20409611;Lastname;Van Damme;Firstname;;Initials;P;Affiliation;;University;University of Leuven;State;Belgium;City;Leuven;
pmid;20409611;Lastname;Geelen;Firstname;;Initials;V;Affiliation;;University;University of Leuven;State;Belgium;City;Leuven;
pmid;20409611;Lastname;Lemmens;Firstname;;Initials;R;Affiliation;;University;University of Leuven;State;Belgium;City;Leuven;
pmid;20409611;Lastname;Sleegers;Firstname;;Initials;K;Affiliation;;University;VIB;State;Belgium;City;Antwerpen;
pmid;20409611;Lastname;Verpoorten;Firstname;;Initials;N;Affiliation;;University;VIB;State;Belgium;City;Antwerpen;
pmid;20409611;Lastname;Timmerman;Firstname;;Initials;V;Affiliation;;University;VIB;State;Belgium;City;Antwerpen;
pmid;20409611;Lastname;De Jonghe;Firstname;;Initials;P;Affiliation;;University;VIB;State;Belgium;City;Antwerpen;
pmid;20409611;Lastname;Slowik;Firstname;;Initials;A;Affiliation;;University;Jagiellonian;State;Poland;City;Krakaw;
pmid;20409611;Lastname;Tomik;Firstname;;Initials;B;Affiliation;;University;Jagiellonian;State;Poland;City;Krakaw;
pmid;20409611;Lastname;Melki;Firstname;;Initials;J;Affiliation;;University;Inserm U-788 and University of Paris 11;State;France;City;Paris;
pmid;20409611;Lastname;Van Den Bosch;Firstname;;Initials;L;Affiliation;;University;University of Leuven;State;Belgium;City;Leuven;
pmid;22288403;Lastname;Cintron;Firstname;;Initials;A;Affiliation;;University;Emory University;State;GA;City;Atlanta;
pmid;21278249;Lastname;Cheng;Firstname;;Initials;D;Affiliation;;University;Emory University;State;GA;City;Atlanta;
pmid;22685416;Lastname;Chai;Firstname;;Initials;HS;Affiliation;;University;Mayo Clinic;State;MN;City;Rochester;
pmid;22685416;Lastname;Younkin;Firstname;;Initials;CS;Affiliation;;University;Mayo Clinic;State;FL;;City;Jacksonville;
pmid;22685416;Lastname;Allen;Firstname;;Initials;M;Affiliation;;University;Mayo Clinic;State;FL;City;Jacksonville;
pmid;22685416;Lastname;Crook;Firstname;;Initials;J;Affiliation;;University;Mayo Clinic;State;FL;City;Jacksonville;
pmid;22685416;Lastname;Pankratz;Firstname;;Initials;VS;Affiliation;;University;Mayo Clinic;State;FL;City;Jacksonville;
pmid;22685416;Lastname;Rowley;Firstname;;Initials;CN;Affiliation;;University;Mayo Clinic;State;FL;City;Jacksonville;
pmid;22685416;Lastname;Nair;Firstname;;Initials;AA;Affiliation;;University;Mayo Clinic;State;MN;City;Rochester;
pmid;22685416;Lastname;Middha;Firstname;;Initials;S;Affiliation;;University;Mayo Clinic;State;MN;City;Rochester;
pmid;22685416;Lastname;Maharjan;Firstname;;Initials;S;Affiliation;;University;Mayo Clinic;State;MN;City;Rochester;
pmid;22685416;Lastname;Nguyen;Firstname;;Initials;T;Affiliation;;University;Mayo Clinic;State;FL;City;Jacksonville;
pmid;22685416;Lastname;Ma;Firstname;;Initials;L;Affiliation;;University;Mayo Clinic;State;FL;City;Jacksonville;
pmid;22685416;Lastname;Malphrus;Firstname;;Initials;KG;Affiliation;;University;Mayo Clinic;State;FL;City;Jacksonville;
pmid;22685416;Lastname;Palusak;Firstname;;Initials;R;Affiliation;;University;Mayo Clinic;State;FL;City;Jacksonville;
pmid;22685416;Lastname;Lincoln;Firstname;;Initials;S;Affiliation;;University;Mayo Clinic;State;FL;City;Jacksonville;
pmid;22685416;Lastname;Bisceglio;Firstname;;Initials;G;Affiliation;;University;Mayo Clinic;State;FL;City;Jacksonville;
pmid;22685416;Lastname;Georgescu;Firstname;;Initials;C;Affiliation;;University;Mayo Clinic;State;FL;City;Jacksonville;
pmid;22685416;Lastname;Kouri;Firstname;;Initials;N;Affiliation;;University;Mayo Clinic;State;FL;City;Jacksonville;
pmid;22685416;Lastname;Kolbert;Firstname;;Initials;CP;Affiliation;;University;Mayo Clinic;State;MN;City;Rochester;
pmid;22685416;Lastname;Jen;Firstname;;Initials;J;Affiliation;;University;Mayo Clinic;State;MN;City;Rochester;
pmid;22017494;Lastname;Fritz;Firstname;;Initials;JJ;Affiliation;;University;Emory University;State;GA;City;Atlanta;
pmid;22017494;Lastname;Cintron;Firstname;;Initials;AF;Affiliation;;University;Emory University;State;GA;City;Atlanta;
pmid;22017494;Lastname;Hamaguchi;Firstname;;Initials;T;Affiliation;;University;University of Tübingen;State;Germany;City;Tübingen;
pmid;24256812;Lastname;Van Damme;Firstname;;Initials;P;Affiliation;;University;University Hospital Leuven;State;Belgium;City;Leuven;
pmid;24256812;Lastname;Melki;Firstname;;Initials;J;Affiliation;;University;Bicetre Hospital;State;France;City;Paris;
pmid;23542809;Lastname;Phillips;Firstname;;Initials;PA;Affiliation;;University;Emory University;State;GA;City;Atlanta;
pmid;22110158;Lastname;Nevárez;Firstname;;Initials;H;Affiliation;;University;Emory University;State;GA;City;Atlanta;
pmid;20154673;Lastname;Ferrer;Firstname;;Initials;I;Affiliation;;University;IDIBELL-Hospital Universitari de Bellvitge;State;Spain;City;Barcelona;
pmid;24023061;Lastname;Fritz;Firstname;;Initials;JJ;Affiliation;;University;Emory University;State;GA;City;Atlanta;
pmid;24023061;Lastname;Cheng;Firstname;;Initials;D;Affiliation;;University;Emory University;State;GA;City;Atlanta;
pmid;20947215;Lastname;Rosen;Firstname;;Initials;A;Affiliation;;University;Emory University;State;GA;City;Atlanta;
pmid;23669642;Lastname;Van Sanford;Firstname;;Initials;CD;Affiliation;;University;Emory University;State;GA;City;Atlanta;
pmid;23669642;Lastname;Orr;Firstname;;Initials;AL;Affiliation;;University;Emory University;State;GA;City;Atlanta;
pmid;23669642;Lastname;Karmali;Firstname;;Initials;D;Affiliation;;University;Emory University;State;GA;City;Atlanta;
pmid;21655086;Lastname;Li;Firstname;;Initials;W;Affiliation;;University;Emory University;State;GA;City;Atlanta;
pmid;21906825;Lastname;Dudek;Firstname;;Initials;SM;Affiliation;;University;National Institutes of Health;State;NC;City;Research Triangle Park;
pmid;21906825;Lastname;Hepler;Firstname;;Initials;JR;Affiliation;;University;Emory University;State;GA;City;Atlanta;
pmid;21600237;Lastname;Li;Firstname;;Initials;W;Affiliation;;University;Emory University;State;GA;City;Atlanta;
pmid;23565137;Lastname;Hamaguchi;Firstname;;Initials;T;Affiliation;;University;Kanazawa University Graduate School of Medical Science;State;Japan;City;Kanazawa;
pmid;22409311;Lastname;Phillips;Firstname;;Initials;PA;Affiliation;;University;Emory University;State;GA;City;Atlanta;
pmid;22409311;Lastname;Amaraneni;Firstname;;Initials;A;Affiliation;;University;Emory University;State;GA;City;Atlanta;
pmid;22409311;Lastname;Delaune;Firstname;;Initials;WR;Affiliation;;University;Atlanta VAMC;State;GA;City;Decatur;
pmid;22409311;Lastname;Stringer;Firstname;;Initials;AY;Affiliation;;University;Emory University;State;GA;City;Atlanta;
